{
  "total_experiments": 63,
  "structural": {
    "count": 30,
    "best_map50": 0.5224612654826408,
    "avg_map50": 0.5110423649822844,
    "std_map50": 0.009161539860342339,
    "best_recall": 0.5963016038284552
  },
  "breakthrough": {
    "count": 32,
    "best_map50": 0.5212063705860319,
    "avg_map50": 0.5047504441993663,
    "std_map50": 0.006219755544614699,
    "best_recall": 0.5812361791240608
  }
}