{
  "map50": 0.5193908688165167,
  "map50_95": 0.25132308744229304,
  "precision": 0.4874353581144037,
  "recall": 0.5820507808780429,
  "epoch": 8,
  "best_pt": "/workspace/Hermes-YOLO/experiments/runs/STRUCT_003/train/weights/best.pt"
}