{
  "map50": 0.5038847166087382,
  "map50_95": 0.23911355526294137,
  "precision": 0.46116593884714163,
  "recall": 0.5852241846538371,
  "epoch": 8,
  "best_pt": "/workspace/Hermes-YOLO/experiments/runs/STRUCT_000/train/weights/best.pt"
}