{
  "experiment_id": "BREAK_012",
  "map50": 0.5023995975726998,
  "map75": 0.2429974384464674,
  "precision": 0.477652693593044,
  "recall": 0.5812361791240608
}