{
  "map50": 0.49531872977480795,
  "map50_95": 0.2399715788923366,
  "precision": 0.46309529118266796,
  "recall": 0.5743296872280527,
  "epoch": 6,
  "best_pt": "/workspace/Hermes-YOLO/experiments/runs/STRUCT_006/train/weights/best.pt"
}