{
  "map50": 0.5212063705860319,
  "map50_95": 0.2531303288653273,
  "precision": 0.5030711538295872,
  "recall": 0.575336827738825,
  "epoch": 10,
  "best_pt": "/workspace/Hermes-YOLO/experiments/runs/STRUCT_023/train/weights/best.pt"
}