{
  "map50": 0.49836441869427495,
  "map50_95": 0.23225140707207484,
  "precision": 0.4582676441237479,
  "recall": 0.5668097654791397,
  "epoch": 8,
  "best_pt": "/workspace/Hermes-YOLO/experiments/runs/AR_000/train/weights/best.pt"
}