{
  "map50": 0.5192541670529153,
  "map50_95": 0.2499447393218174,
  "precision": 0.49519062258381097,
  "recall": 0.5845263941928365,
  "epoch": 9,
  "best_pt": "/workspace/Hermes-YOLO/experiments/runs/STRUCT_028/train/weights/best.pt"
}