epoch,time,train/box_loss,train/cls_loss,train/dfl_loss,metrics/precision(B),metrics/recall(B),metrics/mAP50(B),metrics/mAP50-95(B),val/box_loss,val/cls_loss,val/dfl_loss,lr/pg0,lr/pg1,lr/pg2
1,30.7638,2.0324,2.39375,1.68049,0.30933,0.44551,0.32088,0.13971,1.99918,2.332,1.55934,0.000414258,0.000414258,0.000414258
2,56.5568,1.91482,1.83891,1.535,0.33955,0.52821,0.38281,0.16764,1.97145,1.94855,1.52999,0.000756142,0.000756142,0.000756142
