{
  "experiment_id": "BREAK_034",
  "name": "LowConf_Threshold",
  "map50": 0.5185938251376255,
  "map75": 0.24906519566923951,
  "precision": 0.49643265097534706,
  "recall": 0.5824823156138065
}