{
  "map50": 0.5035701740031259,
  "map50_95": 0.23562830001670712,
  "precision": 0.4418628792147009,
  "recall": 0.595779146743189,
  "epoch": 8,
  "best_pt": "/workspace/Hermes-YOLO/experiments/runs/STRUCT_016/train/weights/best.pt"
}