epoch,time,train/box_loss,train/cls_loss,train/dfl_loss,metrics/precision(B),metrics/recall(B),metrics/mAP50(B),metrics/mAP50-95(B),val/box_loss,val/cls_loss,val/dfl_loss,lr/pg0,lr/pg1,lr/pg2
1,26.5217,2.14243,3.07039,1.66637,0.37176,0.48353,0.3564,0.14502,1.9246,2.21858,1.49239,0.000414258,0.000414258,0.000414258
2,47.5915,1.91554,2.25781,1.47417,0.37813,0.59229,0.42285,0.18334,1.97365,1.87088,1.46713,0.000822699,0.000822699,0.000822699
3,67.9931,1.90266,2.08343,1.47931,0.43325,0.54307,0.42233,0.18571,1.9636,1.86362,1.50056,0.00122289,0.00122289,0.00122289
4,87.983,1.89119,1.99603,1.49091,0.42165,0.57014,0.44497,0.19282,1.99068,1.77055,1.51708,0.00121287,0.00121287,0.00121287
5,108.436,1.86316,1.90526,1.46203,0.44955,0.56066,0.46084,0.20976,1.89337,1.79137,1.51331,0.0012005,0.0012005,0.0012005
