epoch,time,train/box_loss,train/cls_loss,train/dfl_loss,metrics/precision(B),metrics/recall(B),metrics/mAP50(B),metrics/mAP50-95(B),val/box_loss,val/cls_loss,val/dfl_loss,lr/pg0,lr/pg1,lr/pg2
1,26.5217,2.14243,3.07039,1.66637,0.37176,0.48353,0.3564,0.14502,1.9246,2.21858,1.49239,0.000414258,0.000414258,0.000414258
2,47.5915,1.91554,2.25781,1.47417,0.37813,0.59229,0.42285,0.18334,1.97365,1.87088,1.46713,0.000822699,0.000822699,0.000822699
