{
  "map50": 0.5224612654826408,
  "map50_95": 0.2479466978696569,
  "precision": 0.4830987858675898,
  "recall": 0.592349720376694,
  "epoch": 9,
  "best_pt": "/workspace/Hermes-YOLO/experiments/runs/STRUCT_004/train/weights/best.pt"
}